create database ineuron_partition;


use ineuron_partition;

create table ineuron_course(
course_name varchar(50),
course_id int,
course_title varchar(60),
course_desc varchar(60),
launch_data date,
course_fee int,
course_mentor varchar(60),
course_launch_year int
);

insert into ineuron_course values('machine_learning' , 101 , 'ML', "this is ML course" ,'2019-07-07',3540,'sudhanshu',2019) ,
('aiops' , 101 , 'ML', "this is aiops course" ,'2019-07-07',3540,'sudhanshu',2019) ,
('dlcvnlp' , 101 , 'ML', "this is ML course" ,'2020-07-07',3540,'sudhanshu',2020) ,
('aws cloud' , 101 , 'ML', "this is ML course" ,'2020-07-07',3540,'sudhanshu',2020) ,
('blockchain' , 101 , 'ML', "this is ML course" ,'2021-07-07',3540,'sudhanshu',2021) ,
('RL' , 101 , 'ML', "this is ML course" ,'2022-07-07',3540,'sudhanshu',2022) ,
('Dl' , 101 , 'ML', "this is ML course" ,'2022-07-07',3540,'sudhanshu',2022) ,
('interview prep' , 101 , 'ML', "this is ML course" ,'2019-07-07',3540,'sudhanshu',2019) ,
('big data' , 101 , 'ML', "this is ML course" ,'2020-07-07',3540,'sudhanshu',2020) ,
('data analytics' , 101 , 'ML', "this is ML course" ,'2021-07-07',3540,'sudhanshu',2021) ,
('fsds' , 101 , 'ML', "this is ML course" ,'2022-07-07',3540,'sudhanshu',2022) ,
('fsda' , 101 , 'ML', "this is ML course" ,'2021-07-07',3540,'sudhanshu',2021) ,
('fabe' , 101 , 'ML', "this is ML course" ,'2022-07-07',3540,'sudhanshu',2022) ,
('java' , 101 , 'ML', "this is ML course" ,'2020-07-07',3540,'sudhanshu',2020) ,
('MERN' , 101 , 'ML', "this is ML course" ,'2019-07-07',3540,'sudhanshu',2019) ;



select * from ineuron_course;

select * from ineuron_course where course_launch_year = 2020;

drop table ineuron_course2;


# partition by  value 

create table ineuron_course2(
course_name varchar(50),
course_id int,
course_title varchar(60),
course_desc varchar(60),
launch_data date,
course_fee int,
course_mentor varchar(60),
course_launch_year int)
partition by range (course_launch_year) (
partition p0 values less than (2019),
partition p1 values less than (2020),
partition p2 values less than (2021),
partition p3 values less than (2023));


select * from ineuron_course2;


insert into ineuron_course2 values('machine_learning' , 101 , 'ML', "this is ML course" ,'2019-07-07',3540,'sudhanshu',2019) ,
('aiops' , 101 , 'ML', "this is aiops course" ,'2019-07-07',3540,'sudhanshu',2019) ,
('dlcvnlp' , 101 , 'ML', "this is ML course" ,'2020-07-07',3540,'sudhanshu',2020) ,
('aws cloud' , 101 , 'ML', "this is ML course" ,'2020-07-07',3540,'sudhanshu',2020) ,
('blockchain' , 101 , 'ML', "this is ML course" ,'2021-07-07',3540,'sudhanshu',2021) ,
('RL' , 101 , 'ML', "this is ML course" ,'2022-07-07',3540,'sudhanshu',2022) ,
('Dl' , 101 , 'ML', "this is ML course" ,'2022-07-07',3540,'sudhanshu',2022) ,
('interview prep' , 101 , 'ML', "this is ML course" ,'2019-07-07',3540,'sudhanshu',2019) ,
('big data' , 101 , 'ML', "this is ML course" ,'2020-07-07',3540,'sudhanshu',2020) ,
('data analytics' , 101 , 'ML', "this is ML course" ,'2021-07-07',3540,'sudhanshu',2021) ,
('fsds' , 101 , 'ML', "this is ML course" ,'2022-07-07',3540,'sudhanshu',2022) ,
('fsda' , 101 , 'ML', "this is ML course" ,'2021-07-07',3540,'sudhanshu',2021) ,
('fabe' , 101 , 'ML', "this is ML course" ,'2022-07-07',3540,'sudhanshu',2022) ,
('java' , 101 , 'ML', "this is ML course" ,'2020-07-07',3540,'sudhanshu',2020) ,
('MERN' , 101 , 'ML', "this is ML course" ,'2019-07-07',3540,'sudhanshu',2019) ;



select * from ineuron_course where course_launch_year = 2020;

select * from ineuron_course2 where course_launch_year = 2020;


# how to see the partition 

select partition_name, table_name, table_rows from information_schema.partitions where table_name = 'ineuron_course2';

#partition by hash

create table ineuron_course3(
course_name varchar(50),
course_id int,
course_title varchar(60),
course_desc varchar(60),
launch_data date,
course_fee int,
course_mentor varchar(60),
course_launch_year int)
partition by hash (course_launch_year) 
partitions 5 ;



insert into ineuron_course3 values('machine_learning' , 101 , 'ML', "this is ML course" ,'2019-07-07',3540,'sudhanshu',2019) ,
('aiops' , 101 , 'ML', "this is aiops course" ,'2019-07-07',3540,'sudhanshu',2019) ,
('dlcvnlp' , 101 , 'ML', "this is ML course" ,'2020-07-07',3540,'sudhanshu',2020) ,
('aws cloud' , 101 , 'ML', "this is ML course" ,'2020-07-07',3540,'sudhanshu',2020) ,
('blockchain' , 101 , 'ML', "this is ML course" ,'2021-07-07',3540,'sudhanshu',2021) ,
('RL' , 101 , 'ML', "this is ML course" ,'2022-07-07',3540,'sudhanshu',2022) ,
('Dl' , 101 , 'ML', "this is ML course" ,'2022-07-07',3540,'sudhanshu',2022) ,
('interview prep' , 101 , 'ML', "this is ML course" ,'2019-07-07',3540,'sudhanshu',2019) ,
('big data' , 101 , 'ML', "this is ML course" ,'2020-07-07',3540,'sudhanshu',2020) ,
('data analytics' , 101 , 'ML', "this is ML course" ,'2021-07-07',3540,'sudhanshu',2021) ,
('fsds' , 101 , 'ML', "this is ML course" ,'2022-07-07',3540,'sudhanshu',2022) ,
('fsda' , 101 , 'ML', "this is ML course" ,'2021-07-07',3540,'sudhanshu',2021) ,
('fabe' , 101 , 'ML', "this is ML course" ,'2022-07-07',3540,'sudhanshu',2022) ,
('java' , 101 , 'ML', "this is ML course" ,'2020-07-07',3540,'sudhanshu',2020) ,
('MERN' , 101 , 'ML', "this is ML course" ,'2019-07-07',3540,'sudhanshu',2019) ;



select * from ineuron_course3;

select partition_name, table_name, table_rows from information_schema.partitions 
where table_name = 'ineuron_course3';


# key partition


create table ineuron_course4(
course_name varchar(50),
course_id int primary key,
course_title varchar(60),
course_desc varchar(60),
launch_data date,
course_fee int,
course_mentor varchar(60),
course_launch_year int)
partition by key () 
partitions 10 ;



insert into ineuron_course4 values('machine_learning' , 101 , 'ML', "this is ML course" ,'2019-07-07',3540,'sudhanshu',2019) ,
('aiops' , 102 , 'ML', "this is aiops course" ,'2019-07-07',3540,'sudhanshu',2019) ,
('dlcvnlp' , 103 , 'ML', "this is ML course" ,'2020-07-07',3540,'sudhanshu',2020) ,
('aws cloud' , 104 , 'ML', "this is ML course" ,'2020-07-07',3540,'sudhanshu',2020) ,
('blockchain' , 105 , 'ML', "this is ML course" ,'2021-07-07',3540,'sudhanshu',2021) ,
('RL' , 106 , 'ML', "this is ML course" ,'2022-07-07',3540,'sudhanshu',2022) ,
('Dl' , 107 , 'ML', "this is ML course" ,'2022-07-07',3540,'sudhanshu',2022) ,
('interview prep' , 108 , 'ML', "this is ML course" ,'2019-07-07',3540,'sudhanshu',2019) ,
('big data' , 109 , 'ML', "this is ML course" ,'2020-07-07',3540,'sudhanshu',2020) ,
('data analytics' , 110 , 'ML', "this is ML course" ,'2021-07-07',3540,'sudhanshu',2021) ,
('fsds' , 111 , 'ML', "this is ML course" ,'2022-07-07',3540,'sudhanshu',2022) ,
('fsda' , 112 , 'ML', "this is ML course" ,'2021-07-07',3540,'sudhanshu',2021) ,
('fabe' , 113 , 'ML', "this is ML course" ,'2022-07-07',3540,'sudhanshu',2022) ,
('java' , 114 , 'ML', "this is ML course" ,'2020-07-07',3540,'sudhanshu',2020) ,
('MERN' , 115 , 'ML', "this is ML course" ,'2019-07-07',3540,'sudhanshu',2019) ;

#here the algorithm is used is MD 5 for hashing techniques

select * from ineuron_course4;


select partition_name, table_name, table_rows from information_schema.partitions 
where table_name = 'ineuron_course4';



select MD5('14')


#partition by list

;


create table ineuron_courses5(
course_name varchar(50) ,
course_id int(10) ,
course_title varchar(60),
course_desc varchar(80),
launch_date date,
course_fee int,
course_mentor varchar(60),
course_launch_year int)
partition by list(course_launch_year)(
partition p0 values in(2019,2020),
partition p1 values in(2022,2021)
)

;

insert into ineuron_courses5 values('machine_learning' , 101 , 'ML', "this is ML course" ,'2019-07-07',3540,'sudhanshu',2019) ,

('aiops' , 102 , 'ML', "this is aiops course" ,'2019-07-07',3540,'sudhanshu',2019) ,
('dlcvnlp' , 103 , 'ML', "this is ML course" ,'2020-07-07',3540,'sudhanshu',2020) ,
('aws cloud' , 104 , 'ML', "this is ML course" ,'2020-07-07',3540,'sudhanshu',2020) ,
('blockchain' , 105, 'ML', "this is ML course" ,'2021-07-07',3540,'sudhanshu',2021) ,
('RL' , 106 , 'ML', "this is ML course" ,'2022-07-07',3540,'sudhanshu',2022) ,
('Dl' , 107 , 'ML', "this is ML course" ,'2022-07-07',3540,'sudhanshu',2022) ,
('interview prep' , 108 , 'ML', "this is ML course" ,'2019-07-07',3540,'sudhanshu',2019) ,
('big data' , 109 , 'ML', "this is ML course" ,'2020-07-07',3540,'sudhanshu',2020) ,
('data analytics' , 110 , 'ML', "this is ML course" ,'2021-07-07',3540,'sudhanshu',2021) ,
('fsds' , 1011 , 'ML', "this is ML course" ,'2022-07-07',3540,'sudhanshu',2022) ,
('fsda' , 1012 , 'ML', "this is ML course" ,'2021-07-07',3540,'sudhanshu',2021) ,
('fabe' , 1013 , 'ML', "this is ML course" ,'2022-07-07',3540,'sudhanshu',2022) ,
('java' , 1014 , 'ML', "this is ML course" ,'2020-07-07',3540,'sudhanshu',2020) ,
('MERN' , 1015 , 'ML', "this is ML course" ,'2019-07-07',3540,'sudhanshu',2019)

;


# partition by range columns

create table ineuron_courses6(
course_name varchar(50) ,
course_id int(10) ,
course_title varchar(60),
course_desc varchar(80),
launch_date date,
course_fee int,
course_mentor varchar(60),
course_launch_year int)
partition by range columns(course_name,course_id, course_launch_year)(
partition p0 values less than ('aiops',105,2019),
partition p1 values less than ('fsda', 110, 2021),
partition p2 values less than ('MERN', 120, 2021)
)
;

insert ignore into ineuron_courses6 values('machine_learning' , 101 , 'ML', "this is ML course" ,'2019-07-07',3540,'sudhanshu',2019) ,

('aiops' , 102 , 'ML', "this is aiops course" ,'2019-07-07',3540,'sudhanshu',2019) ,
('dlcvnlp' , 103 , 'ML', "this is ML course" ,'2020-07-07',3540,'sudhanshu',2020) ,
('aws cloud' , 104 , 'ML', "this is ML course" ,'2020-07-07',3540,'sudhanshu',2020) ,
('blockchain' , 105, 'ML', "this is ML course" ,'2021-07-07',3540,'sudhanshu',2021) ,
('RL' , 106 , 'ML', "this is ML course" ,'2022-07-07',3540,'sudhanshu',2022) ,
('Dl' , 107 , 'ML', "this is ML course" ,'2022-07-07',3540,'sudhanshu',2022) ,
('interview prep' , 108 , 'ML', "this is ML course" ,'2019-07-07',3540,'sudhanshu',2019) ,
('big data' , 109 , 'ML', "this is ML course" ,'2020-07-07',3540,'sudhanshu',2020) ,
('data analytics' , 110 , 'ML', "this is ML course" ,'2021-07-07',3540,'sudhanshu',2021) ,
('fsds' , 1011 , 'ML', "this is ML course" ,'2022-07-07',3540,'sudhanshu',2022) ,
('fsda' , 1012 , 'ML', "this is ML course" ,'2021-07-07',3540,'sudhanshu',2021) ,
('fabe' , 1013 , 'ML', "this is ML course" ,'2022-07-07',3540,'sudhanshu',2022) ,
('java' , 1014 , 'ML', "this is ML course" ,'2020-07-07',3540,'sudhanshu',2020) ,
('MERN' , 1015 , 'ML', "this is ML course" ,'2019-07-07',3540,'sudhanshu',2019)

;

select * from ineuron_courses6;


select partition_name, table_name, table_rows from information_schema.partitions
 where table_name = 'ineuron_courses6';
 
 
 # partition by list columns
 
 
create table ineuron_courses7(
course_name varchar(50) ,
course_id int(10) ,
course_title varchar(60),
course_desc varchar(80),
launch_date date,
course_fee int,
course_mentor varchar(60),
course_launch_year int)
partition by list columns(course_name)(
partition p0 values in  ('aiops','data analysis'),
partition p1 values  in ('fsda', 'big data' ),
partition p2 values in ('MERN', 'data science ', 'spark session')
)
;
 
 insert ignore into ineuron_courses7 values('machine_learning' , 101 , 'ML', "this is ML course" ,'2019-07-07',3540,'sudhanshu',2019) ,

('aiops' , 102 , 'ML', "this is aiops course" ,'2019-07-07',3540,'sudhanshu',2019) ,
('dlcvnlp' , 103 , 'ML', "this is ML course" ,'2020-07-07',3540,'sudhanshu',2020) ,
('aws cloud' , 104 , 'ML', "this is ML course" ,'2020-07-07',3540,'sudhanshu',2020) ,
('blockchain' , 105, 'ML', "this is ML course" ,'2021-07-07',3540,'sudhanshu',2021) ,
('RL' , 106 , 'ML', "this is ML course" ,'2022-07-07',3540,'sudhanshu',2022) ,
('Dl' , 107 , 'ML', "this is ML course" ,'2022-07-07',3540,'sudhanshu',2022) ,
('interview prep' , 108 , 'ML', "this is ML course" ,'2019-07-07',3540,'sudhanshu',2019) ,
('big data' , 109 , 'ML', "this is ML course" ,'2020-07-07',3540,'sudhanshu',2020) ,
('data analytics' , 110 , 'ML', "this is ML course" ,'2021-07-07',3540,'sudhanshu',2021) ,
('fsds' , 1011 , 'ML', "this is ML course" ,'2022-07-07',3540,'sudhanshu',2022) ,
('fsda' , 1012 , 'ML', "this is ML course" ,'2021-07-07',3540,'sudhanshu',2021) ,
('fabe' , 1013 , 'ML', "this is ML course" ,'2022-07-07',3540,'sudhanshu',2022) ,
('java' , 1014 , 'ML', "this is ML course" ,'2020-07-07',3540,'sudhanshu',2020) ,
('MERN' , 1015 , 'ML', "this is ML course" ,'2019-07-07',3540,'sudhanshu',2019)

;

 
 select partition_name, table_name, table_rows from information_schema.partitions
 where table_name = 'ineuron_courses7';

 
 
 # sub partition
 
 
create table ineuron_courses9(
course_name varchar(50) ,
course_id int(10) ,
course_title varchar(60),
course_desc varchar(80),
launch_date date,
course_fee int,
course_mentor varchar(60),
course_launch_year int)
partition by range(course_launch_year)
subpartition by hash(course_launch_year)
subpartitions 5(
partition p0 values less than  (2019),
partition p1 values less than (2020 ),
partition p2 values less than (2021),
partition p3 values less than (2022)
)
;
 
 
insert ignore into ineuron_course9 values('machine_learning' , 101 , 'ML', "this is ML course" ,'2019-07-07',3540,'sudhanshu',2019) ,
('aiops' , 101 , 'ML', "this is aiops course" ,'2019-07-07',3540,'sudhanshu',2019) ,
('dlcvnlp' , 101 , 'ML', "this is ML course" ,'2020-07-07',3540,'sudhanshu',2020) ,
('aws cloud' , 101 , 'ML', "this is ML course" ,'2020-07-07',3540,'sudhanshu',2020) ,
('blockchain' , 101 , 'ML', "this is ML course" ,'2021-07-07',3540,'sudhanshu',2021) ,
('RL' , 101 , 'ML', "this is ML course" ,'2022-07-07',3540,'sudhanshu',2022) ,
('Dl' , 101 , 'ML', "this is ML course" ,'2022-07-07',3540,'sudhanshu',2022) ,
('interview prep' , 101 , 'ML', "this is ML course" ,'2019-07-07',3540,'sudhanshu',2019) ,
('big data' , 101 , 'ML', "this is ML course" ,'2020-07-07',3540,'sudhanshu',2020) ,
('data analytics' , 101 , 'ML', "this is ML course" ,'2021-07-07',3540,'sudhanshu',2021) ,
('fsds' , 101 , 'ML', "this is ML course" ,'2022-07-07',3540,'sudhanshu',2022) ,
('fsda' , 101 , 'ML', "this is ML course" ,'2021-07-07',3540,'sudhanshu',2021) ,
('fabe' , 101 , 'ML', "this is ML course" ,'2022-07-07',3540,'sudhanshu',2022) ,
('java' , 101 , 'ML', "this is ML course" ,'2020-07-07',3540,'sudhanshu',2020) ,
('MERN' , 101 , 'ML', "this is ML	 course" ,'2019-07-07',3540,'sudhanshu',2019) ;

select * from ineuron_courses9;

INSERT ignore INTO ineuron_courses9 (
    course_name,
    course_id,
    course_title,
    course_desc,
    launch_date,
    course_fee,
    course_mentor,
    course_launch_year
) VALUES
('Data Science Bootcamp', 101, 'Data Science for Beginners', 'An introductory course to data science concepts.', '2021-03-15', 30000, 'John Doe', 2021),
('Machine Learning A-Z', 102, 'Machine Learning for Everyone', 'Learn machine learning from scratch.', '2020-05-20', 25000, 'Jane Smith', 2020),
('Full Stack Web Development', 103, 'Become a Full Stack Developer', 'Learn both front-end and back-end development.', '2019-07-10', 40000, 'Alice Johnson', 2019),
('Advanced Python Programming', 104, 'Deep Dive into Python', 'Master advanced Python techniques.', '2022-01-05', 35000, 'Bob Lee', 2022),
('AI and Deep Learning', 105, 'Artificial Intelligence Essentials', 'Explore the fundamentals of AI.', '2023-02-14', 45000, 'Charlie Brown', 2023);
 
 ;
select partition_name, table_name, table_rows from information_schema.partitions
 where table_name = 'ineuron_courses9';


